<?xml version="1.0" encoding="UTF-8"?>
<beans xmlns="http://www.springframework.org/schema/beans"
	xmlns:xsi="http://www.w3.org/2001/XMLSchema-instance"
	xmlns:p="http://www.springframework.org/schema/p"
	xmlns:context="http://www.springframework.org/schema/context"
	xsi:schemaLocation="http://www.springframework.org/schema/beans 
  http://www.springframework.org/schema/beans/spring-beans-3.0.xsd
 http://www.springframework.org/schema/context
 http://www.springframework.org/schema/context/spring-context-3.0.xsd">


	<context:component-scan
		base-package="com.controller" />

	<bean id="viewResolver"
		class="org.springframework.web.servlet.view.UrlBasedViewResolver">
		<property name="viewClass"
			value="org.springframework.web.servlet.view.JstlView" />
		<property name="prefix" value="/WEB-INF/files/" />
		<property name="suffix" value=".jsp" />
	</bean>
	
	
	
	<bean id="customerDao" class="com.dao.CustomerDAOImpl">
	<!-- 	<property name="jdbcTemplate" ref="jdbcTemplate"></property> -->	
			<property name="dataSource" ref="dataSource"></property>
	</bean>

	<bean id="dataSource" class="org.springframework.jdbc.datasource.DriverManagerDataSource">
		<property name="driverClassName" value="com.mysql.jdbc.Driver"></property>
		<property name="url" value="jdbc:mysql://localhost:3307/customerdb"></property>
		<property name="username" value="root"></property>
		<property name="password" value="umesh123"></property>
	</bean>
	
	
	<bean id="customerService" class="com.service.CustomerServiceImpl" autowire="byType">
	
	</bean>
	
	
	
</beans>